content,score,time
"外形外观：外观设计简约大气，外观一眼就喜欢设计很戳我的审美
加热速度：加热速度很快，主要是还可以手机开关,远程控制，下班回家前可以提前加热，回到家就可以立马冲洗，省去等待的时间。
耗能情况：一级能效，还有智能省电模式，非常不错。
洗浴时间：洗浴时长可以大大满足我们一家四口。
其他特色：其实活水排污功能是非常动心的，清理又快又方便，而且会进行水质检测，不需要自己操心啥时候要清理，水质是否干净，热水器自己就会提醒我。总体这款产品很符合我的需求。物有所值。👍🏻",5,2024-12-20 14:24:34
"外形外观：颜色好看清新，线条流畅，形状大气
加热速度：加热速度很快，随时可以用到热水
耗能情况：比我家之前的电热好太多了，巨省电
洗浴时间：太棒了，终于不用等水热，冻的抖抖了",5,2024-12-13 18:22:01
买了美的热水器，真是物超所值！😍 热水即来，洗澡都变得更舒服了。而且它的外观设计也很时尚，摆在家里就是一道亮丽的风景线,5,2024-12-21 17:54:36
"外形外观：颜色好看，外观大气上档次，尺寸不大还省地方

加热速度：加热速度快，双胆设计，单双胆加热可以切换
耗能情况：一级能耗，还有智能省电模式，自主学习
其他特色：大屏液晶显示准确好看方便",5,2024-12-21 17:44:38
"外形外观：很好看，感觉看起比较大气

加热速度：加热速度很快，只需要不到半个小时

洗浴时间：洗澡时间挺长的，推荐购买
耗能情况：一级能效，可以的",5,2024-12-06 22:16:49
"外形外观：外观很漂亮，是我喜欢的颜色。而且造型还不占地方。
加热速度：试了一下，大概需要半个小时左右。速度还可以挺快的。
耗能情况：耗能情况：一级能效非常省电。 
洗浴时间：洗四五个人都没有问题。边洗边加热，再也不怕没有热水了。
其他特色：看了许多电热水器，最后选择了这款美的，选择没有错。",5,2024-12-27 18:11:23
价格实惠，外观美观，性价比很高，物超所值。价格亲民，性能优良，保温效果佳，安装方便，正品保证，值得购买。,5,2024-12-13 12:11:13
美的热水器，真的不错，功能强大，安全，放心，不在家也能烧水，美的美居直接就控制了，大品牌值得信赖，客服服务态度很好，安装师傅也很专业，很细心，,5,2024-12-11 19:20:22
"外形外观：外观漂亮，整体轻薄，节省空间
加热速度：加热速度非常快，一顿饭时间就就能洗澡了
耗能情况：直接用省电模式，可以智能分析用水用量，省电放心",5,2024-12-25 10:46:45
"外形外观：外观好看，简约大气上档次
加热速度：加热速度快
耗能情况：耗能低，环保省电
其他特色：价格合适，不错不错不错",5,2024-12-23 23:29:43
"外形外观：扁桶样子好看，不占地方
加热速度：加热速度块
其他特色：款式大气，师傅安装服务态度好，可以手机远程app无线操作",5,2024-12-08 22:31:41
"一开始就选的美的很满意 来安装的师傅也很专业
外形外观：满意
加热速度：很好
耗能情况：一级棒
洗浴时间：足够",5,2024-12-26 23:13:01
两千价位的热水器闭眼选美的UD pro不会错，外观和质量都很满意，物流速度快，商家服务专业，性价比高，推荐购买。,5,2024-12-29 13:57:06
"外形外观：扁桶设计，美观舒适，不占多余空间，很适合小浴室
加热速度：加热速度很快，不用等太久
耗能情况：一级耗能，省电
洗浴时间：出水量大，恒温舒适",5,2024-12-22 15:39:39
热水器加热很快，外观淡紫色好看且耐脏，保温效果也很好。WIFI智能手机控制提前打开加热，可以随时调节水温。有活水清洗，胆内不留污水，自己都可以操作，清洗很方便，管子接头材料免费安装，值得推荐,5,2024-12-25 15:53:11
"外形外观：非常贴合我家砖，美滋滋
加热速度：双胆加热，速度非常快，美滋滋
耗能情况：耗电还没测试
洗浴时间：洗浴非常舒服，水流很好
其他特色：装上非常好看，便桶舒服，国补美滋滋，有需求得赶紧买吧",5,2024-12-28 11:31:31
"外形外观：外观流畅，非常漂亮。 扁筒安装后省空间。
加热速度：加热速度：双缸加热加热速度很快。使用方便。 
其他特色：买前咨询客服，耐心解答。安装师傅认真负责，安装的很快。推荐购买。",5,2024-12-12 09:55:11
美的热水器已经用了一个多月了，质量好 外观大气上档次 加热速度快 一级能耗 省电又省心 双胆扁桶设计 节约空间 安装师傅非常专业也很用心 非常满意,5,2024-12-28 21:50:23
安装师傅态度好，加热很快，保温效果也很不错，热水器很美观是我喜欢的类型，搭配我家的装修风格，体验感非常不错，操作流畅简洁。,5,2024-12-19 16:08:48
"外形外观：小巧玲珑，颜色艳丽，位置合适
加热速度：半小时满血加热，非常不错
耗能情况：天天都加热，每天一度电，爽歪歪
洗浴时间：可以天天洗澡爽歪歪了",5,2024-12-13 22:06:05
"烧水很快，外形很美观，功能齐全。
是美的老粉丝了，冰箱洗衣机热水器都是美的。
赶上政府补贴。真的很合适，大小也正好，挂在上面并不占用空间空间。60L大容量，够我用水很
久了。24号晚上下单，26号上午收到货，下午就安装好了，安装师傅很周到。容量大小：60L三口之家够
用
外观材质:烟紫色
圆筒，按键清洗。",5,2024-12-26 19:10:05
"外形外观：外观颜色很好看，触控按钮，操作简单，也可手机APP操作。
加热速度：加热速度不错，可以变频，可以定时开启和关闭，比较省电，保温效果也不错。
洗浴时间：使用时间上足够3个人使用。
其他特色：物流配送快。",5,2024-12-05 09:22:55
"网上对比了很多，才选中美的这款，很满意！扁筒比圆筒好看得多，没那么占地方，颜色也很大气，可以连接手机智能控制。
活水功能，十年质保是我最满意的地方！亲戚来家都说好看",5,2024-12-25 14:38:19
"安装服务满意
外形外观：外观样式很新颖，高端大气
加热速度：还热速度挺快的，APP上显示一个半小时加热至70度

耗能情况：很节能
洗浴时间：可以还几个人一起洗",5,2024-12-15 13:25:58
热水器收到了，质量很好，加热很快，保温也持久，使用起来非常方便，而且可以智能调节，设计的非常安全可靠！客服服务态度很好，非常有耐心的为我答疑解惑！,5,2024-12-26 13:27:31
"扁桶超薄的设计比圆桶的更时尚，更节省时
间
加热速度也是又快又热 而且持续性高 还可以边洗边加热
耗能情况属于低耗能 省电省心非常好
非常舒服值得大家去选择非常棒
安装师傅也是非常用心 也很专业 总得来说体验感特别好，推荐购买",5,2024-12-12 11:54:30
"外形外观：颜色好看，尺寸比较省空间，外观大气上档次
加热速度：加热速度挺快，安全性能好
耗能情况：一级能效，比较省电
其他特色：可以自由选择沐浴模式，客服和安装师傅都比较专业，美的大品牌值得信赖",5,2024-12-24 09:59:12
物流很快，第二天师傅就过来上门安装了。服务也可以。对这款外观本人很满意，记得上一款是粉色的，这款换了个颜色舒服多了。功能也很齐全。,5,2024-12-14 14:05:28
收到热水器了，颜色非常美观大方漂亮，随然买了是80升的单加热速度也很快，能耗也不大，飞常节能，安装速度也很快，第二天就装好了，好评。,5,2024-12-19 16:29:59
美的 UD7Pro 热水器超棒！外观简约时尚，大屏触控灵敏。加热迅速，水量充足，全家接力洗无压力。智能控温精准，水温恒定舒适。节能降噪出色，运行安静无声。洗浴体验大升级，买它超省心！,5,2024-12-18 17:01:14
颜色非常漂亮，高端大气，液晶显示屏特别清楚，还可以联网，手机操作非常方便，智能控温很贴心的设计 安装师傅也特别给力,5,2024-12-19 20:55:47
之前那台热水器总出问题忽冷忽热上水慢 美的热水器体验直接起飞 加热速度特别快没一会儿水就热了 而且还能连接美的美居 特别方便用手机就可以操控 省水省电美的热水器真不错姐妹们真心推荐,5,2024-12-27 15:45:32
"外形外观：时尚大气，超级赞！
加热速度：加热快，两个内胆，3300瓦
耗能情况：变频的，1级能效，
洗浴时间：2个大人，两个小孩洗浴不成问题！热水可以满足
其他特色：扁桶设计，对浴室空间小的。洗澡空间有大大的改善。两个内胆。14倍增容，活水！水质要求的人。超级赞👍👍",5,2024-12-04 12:28:44
美的udpro是一级能效，节能省电，而且美的udpro外观非常漂亮，外形设计非常节约空间，功能强大，上下双胆超薄，使用陶瓷内胆能够阻垢而且耐腐蚀，60L容量可以满足我的需求。,5,2024-12-16 17:48:18
"这款智能热水器真的很不错，科技感满满， 手机使用很便捷 ，还能远程控制。安装师傅非常耐心！业务能力很强！目前总体蛮不错的。
外形外观：好看耐看
耗能情况：一级能耗",5,2024-12-21 18:10:07
"外形外观：特地选的小尺寸，刚好合适。
加热速度：加热速度很快，其他模式也非常不错。
耗能情况：一级能耗完全OK。
洗浴时间：一家四口，完全够用。
其他特色：颜值高。",5,2024-12-24 16:05:33
"发货：京东速度还是很快的，一天就到了。
产品：收到货发现热水器外观出现了瑕疵，不影响使用就算了，有一说一美的品控一般。
安装：当地安装服务承包商能力非常一般，工作安排混乱，态度差，但安装师傅耐心，服务态度好，安装技术好。
使用：双胆加热确实块，洗澡水够热，水量也够大，有些高科技功能暂时未有体验感。
结语：总体还行，这价格的热水器希望后续使用不会出现问题。",3,2024-12-01 15:26:25
外观设计很好，安装很赞，期待使用，家里用水多，这款特别适合家里人多用，主要是外形设计太好看了， 时尚潮流,5,2024-12-14 11:19:04
"外形外观：外形非常大气，淡紫色也非常喜欢
加热速度：加热非常快，加热几分钟就可以洗浴，不需要长时间等待，增容也非常可以
其他特色：还支持活水洗，保障了用水水质，也不用专门找人清洗",5,2024-12-15 15:33:20
发货很快，安装超快，用着很方便，变频省电，水电分离免更换镁棒免清洗很好。还能连上网络，客服姐姐服务很好哟。,5,2024-12-21 14:38:27
用了一段时间了，感觉很不错，颜值高，加热也没啥声音。功能也很人性化，活水系列 内胆也可以自己清洗。京东的物流和服务也是一如既往的好！值得推荐哈,5,2024-12-19 20:24:47
头天晚上购买第二天中午就安装好了，速度真快，电热水器外观大气，样式和颜色都很喜欢，容量足够用了，参加以旧换新活动，拆旧机的师傅，上门快服务好，换新机的师傅上门快服务好，好评。,5,2024-12-22 16:18:49
"180L 活水净肤UDpro 双3300W
热水器一级节能省电，外观时尚且高端大气，适
合各种风格装修。加热速度快,让全家人无需等
待热水，采用活水技术，安全可靠，安装师傅服
务态度很好，不愧是京东自营产品，售后服务也
很到位，这款热水器功能性很强，让生活更便
捷，超出预期!",5,2024-12-28 10:22:08
"外形外观：很小巧，不占空间
加热速度：3300w双胆速热
耗能情况：一级能效，没有细测
洗浴时间：正常两三个人，还行吧
其他特色：外观很时尚，安装师傅也很专业，还给清扫安装时产生的垃圾。
美的专业靠谱，值得性赖!!!!!!",5,2024-12-09 21:33:25
外观美观，尺寸适中，功能非常强大。我选择这个产品，因为它非常的智能，能远程用手机进行控制，加热方面非常的快，家里来客人也不担心没有热水使用了，推荐大家进行购买。,5,2024-12-18 22:06:48
"外形外观：外观时尚大气！
耗能情况：变频加热能耗相对很低！
加热速度：速度非常快！
其他特色：手机控制非常方便！",5,2024-12-15 20:58:15
"外形外观：很喜欢的颜色，看起来非常的精美。
加热速度：加热速度非常快。值得购买，
耗能情况：节能环保。",5,2024-12-15 21:13:18
"外形外观：小巧精致，颜色靓丽，外观大气，
加热速度：加热速度快，双桶加热，水电分离更安全，
耗能情况：智能控温，一级能效，更省电
洗浴时间：使用时间足够一家人使用
其他特色：可以在手机上远程智能控制，沐浴不用等，是年轻人的不二选择，活水净肤，使用更安心，安装师傅很细心，服务态度好，👍",5,2024-12-06 13:21:00
"外形：外观漂亮颜值很高，外形小巧节省空间这个扁桶设计比圆桶看上去舒服很多。
能效：加热速度快，能效相对较低。
操作：手机APP控制简单易懂也可机器上触摸控制",5,2024-12-27 22:20:58
扁桶的热水器很好看外观和颜色都喜欢，颜值在线，看起来很大气节省空间，恒温挺不错，制热也挺快，洗澡很舒服，性价比非常高，小户型专属热水器,5,2024-12-22 10:21:43
